{"stats":{"minecraft:used":{"minecraft:stone_sword":22,"minecraft:stone_pickaxe":117,"minecraft:chest":2,"minecraft:wooden_pickaxe":22,"minecraft:iron_chestplate":1,"minecraft:torch":1,"minecraft:dirt":20,"minecraft:crafting_table":2,"minecraft:campfire":1,"minecraft:apple":1,"minecraft:iron_helmet":1,"minecraft:iron_boots":1,"minecraft:stone_axe":34,"minecraft:cobblestone":23,"minecraft:cooked_porkchop":1,"minecraft:furnace":1,"minecraft:porkchop":1,"alexsmobs:animal_dictionary":1,"minecraft:iron_leggings":1,"minecraft:experience_bottle":1},"minecraft:picked_up":{"minecraft:crafting_table":1,"minecraft:cooked_beef":7,"minecraft:jungle_log":2,"minecraft:andesite":1,"minecraft:leather":3,"minecraft:flint":1,"minecraft:oak_log":11,"minecraft:jungle_trapdoor":1,"minecraft:dirt":22,"minecraft:raw_copper":11,"minecraft:apple":1,"minecraft:spruce_planks":7,"minecraft:beef":7,"minecraft:spruce_slab":3,"minecraft:chest":2,"minecraft:spruce_trapdoor":2,"minecraft:raw_iron":14,"minecraft:cooked_porkchop":13,"minecraft:spruce_stairs":2,"minecraft:porkchop":14,"minecraft:jungle_planks":5,"minecraft:diorite":4,"minecraft:oak_sapling":5,"minecraft:coal":36,"minecraft:cobblestone":79},"minecraft:custom":{"minecraft:interact_with_furnace":5,"minecraft:mob_kills":11,"minecraft:interact_with_crafting_table":13,"minecraft:interact_with_campfire":20,"minecraft:leave_game":1,"minecraft:time_since_death":24279,"minecraft:time_since_rest":24279,"minecraft:sprint_one_cm":29610,"minecraft:damage_taken":20,"minecraft:walk_one_cm":38108,"minecraft:drop":8,"minecraft:damage_dealt":1100,"minecraft:swim_one_cm":631,"minecraft:fly_one_cm":24003,"minecraft:open_chest":3,"minecraft:crouch_one_cm":4334,"minecraft:play_time":24279,"minecraft:sneak_time":2605,"minecraft:walk_under_water_one_cm":5072,"minecraft:jump":151,"minecraft:walk_on_water_one_cm":1407,"minecraft:total_world_time":24279,"minecraft:fall_one_cm":4366},"minecraft:dropped":{"minecraft:diorite":4,"minecraft:andesite":1,"minecraft:oak_sapling":5,"minecraft:wooden_pickaxe":1},"minecraft:crafted":{"minecraft:oak_planks":20,"minecraft:crafting_table":1,"minecraft:iron_helmet":1,"minecraft:wooden_pickaxe":1,"minecraft:furnace":1,"minecraft:campfire":1,"minecraft:stone_axe":1,"minecraft:iron_boots":1,"minecraft:iron_chestplate":1,"minecraft:shield":1,"minecraft:stick":24,"minecraft:iron_ingot":15,"minecraft:stone_pickaxe":1,"minecraft:stone_sword":1,"minecraft:iron_leggings":1,"minecraft:torch":4},"minecraft:killed":{"minecraft:pig":7,"minecraft:cow":4},"minecraft:mined":{"minecraft:spruce_planks":7,"minecraft:crafting_table":1,"minecraft:spruce_trapdoor":2,"minecraft:grass_block":6,"minecraft:jungle_planks":5,"minecraft:chest":2,"minecraft:jungle_log":2,"minecraft:tall_grass":5,"minecraft:copper_ore":3,"minecraft:diorite":4,"minecraft:spruce_stairs":2,"minecraft:iron_ore":14,"minecraft:andesite":1,"minecraft:grass":5,"minecraft:oak_log":11,"minecraft:coal_ore":36,"minecraft:gravel":1,"minecraft:dirt":16,"minecraft:stone":79,"minecraft:oak_leaves":3,"minecraft:spruce_slab":4,"minecraft:jungle_trapdoor":1}},"DataVersion":3465}