{"stats":{"minecraft:broken":{"minecraft:stone_hoe":1,"minecraft:stone_pickaxe":2},"minecraft:picked_up":{"minecraft:crafting_table":3,"minecraft:chicken":4,"minecraft:clay_ball":4,"minecraft:smithing_table":1,"minecraft:brewing_stand":2,"minecraft:red_bed":8,"minecraft:jungle_trapdoor":1,"minecraft:string":16,"minecraft:raw_copper":11,"minecraft:smooth_stone_slab":4,"minecraft:spruce_planks":7,"minecraft:beef":18,"minecraft:spruce_slab":3,"minecraft:lectern":1,"minecraft:chest":2,"minecraft:melon_slice":6,"minecraft:sugar_cane":8,"minecraft:birch_sapling":1,"minecraft:spruce_trapdoor":2,"minecraft:furnace":1,"minecraft:raw_iron":26,"minecraft:stick":13,"minecraft:sandstone":5,"minecraft:torch":4,"minecraft:spruce_stairs":2,"minecraft:porkchop":26,"minecraft:diorite":8,"minecraft:cauldron":2,"minecraft:rotten_flesh":2,"minecraft:arrow":3,"minecraft:hay_block":141,"minecraft:yellow_terracotta":3,"minecraft:mutton":8,"minecraft:oxeye_daisy":1,"minecraft:white_wool":4,"minecraft:cobblestone":347,"minecraft:cooked_beef":7,"minecraft:feather":3,"minecraft:jungle_boat":10,"minecraft:jungle_log":2,"minecraft:andesite":22,"minecraft:leather":10,"minecraft:smoker":1,"minecraft:flint":1,"minecraft:oak_log":47,"minecraft:yellow_bed":1,"minecraft:lapis_lazuli":41,"minecraft:dirt":236,"minecraft:bone":5,"minecraft:apple":2,"minecraft:kelp":6,"minecraft:stonecutter":2,"minecraft:wheat_seeds":33,"minecraft:bell":1,"minecraft:grindstone":1,"minecraft:bamboo":9,"minecraft:oak_planks":1,"minecraft:book":24,"minecraft:cooked_porkchop":13,"minecraft:pumpkin":4,"minecraft:dandelion":5,"minecraft:jungle_planks":5,"minecraft:sand":20,"minecraft:white_bed":5,"minecraft:light_gray_candle":3,"minecraft:gray_wool":1,"minecraft:oak_sapling":21,"minecraft:brown_banner":2,"minecraft:netherrack":3,"minecraft:coal":62},"minecraft:custom":{"minecraft:mob_kills":44,"minecraft:interact_with_crafting_table":31,"minecraft:open_barrel":1,"minecraft:interact_with_campfire":20,"minecraft:leave_game":2,"minecraft:time_since_death":56486,"minecraft:climb_one_cm":700,"minecraft:sprint_one_cm":371235,"minecraft:walk_one_cm":312450,"minecraft:damage_blocked_by_shield":520,"minecraft:drop":48,"minecraft:play_time":156128,"minecraft:deaths":2,"minecraft:sneak_time":3463,"minecraft:walk_under_water_one_cm":43925,"minecraft:jump":1835,"minecraft:interact_with_blast_furnace":4,"minecraft:walk_on_water_one_cm":24915,"minecraft:total_world_time":156128,"minecraft:interact_with_furnace":19,"minecraft:interact_with_cartography_table":1,"minecraft:sleep_in_bed":10,"minecraft:time_since_rest":1229,"minecraft:damage_taken":2321,"minecraft:damage_dealt":5200,"minecraft:swim_one_cm":26642,"minecraft:fly_one_cm":330723,"minecraft:open_chest":49,"minecraft:crouch_one_cm":5697,"minecraft:fall_one_cm":51295},"minecraft:used":{"minecraft:stone_sword":91,"minecraft:iron_shovel":211,"minecraft:chest":4,"minecraft:shield":16,"minecraft:iron_sword":31,"minecraft:stone_hoe":137,"minecraft:iron_chestplate":1,"minecraft:torch":8,"minecraft:brewing_stand":2,"minecraft:dirt":34,"minecraft:obsidian":3,"minecraft:iron_axe":53,"minecraft:birch_sapling":1,"minecraft:iron_helmet":1,"minecraft:iron_boots":1,"minecraft:oak_sapling":2,"minecraft:furnace":2,"minecraft:iron_leggings":1,"minecraft:wheat_seeds":1,"minecraft:water_bucket":15,"minecraft:stone_pickaxe":364,"minecraft:oak_planks":121,"minecraft:wooden_pickaxe":22,"minecraft:stonecutter":2,"minecraft:cauldron":2,"minecraft:jungle_boat":10,"minecraft:sand":3,"minecraft:crafting_table":4,"minecraft:red_bed":7,"minecraft:blast_furnace":1,"minecraft:white_bed":5,"minecraft:campfire":1,"minecraft:smoker":1,"minecraft:apple":1,"minecraft:bread":45,"minecraft:iron_pickaxe":131,"minecraft:stone_axe":64,"minecraft:cobblestone":310,"minecraft:grindstone":1,"minecraft:porkchop":1,"minecraft:cooked_porkchop":1,"minecraft:smithing_table":1,"minecraft:andesite":17,"minecraft:bucket":16,"minecraft:yellow_bed":1,"alexsmobs:animal_dictionary":1,"minecraft:experience_bottle":4},"minecraft:killed":{"minecraft:skeleton":5,"minecraft:chicken":4,"minecraft:pig":12,"minecraft:sheep":5,"minecraft:pillager":5,"minecraft:zombie":3,"minecraft:cow":10},"minecraft:crafted":{"minecraft:smooth_stone":3,"minecraft:oak_planks":176,"minecraft:furnace":2,"minecraft:blast_furnace":1,"minecraft:stone":3,"minecraft:bow":1,"minecraft:iron_boots":1,"minecraft:iron_axe":1,"minecraft:stone_pickaxe":3,"minecraft:chest":2,"minecraft:dark_oak_planks":12,"minecraft:stone_hoe":1,"minecraft:wheat":171,"minecraft:crafting_table":1,"minecraft:jungle_boat":1,"minecraft:wooden_pickaxe":1,"minecraft:iron_helmet":1,"minecraft:iron_sword":1,"minecraft:campfire":1,"minecraft:stone_axe":1,"minecraft:bread":57,"minecraft:jungle_planks":4,"minecraft:iron_chestplate":1,"minecraft:shield":1,"minecraft:stick":32,"minecraft:iron_ingot":27,"minecraft:iron_pickaxe":1,"minecraft:stone_sword":1,"minecraft:iron_shovel":1,"minecraft:iron_leggings":1,"minecraft:torch":4},"minecraft:mined":{"minecraft:yellow_terracotta":4,"minecraft:white_bed":5,"minecraft:spruce_planks":7,"minecraft:brewing_stand":2,"gravestone:gravestone":2,"minecraft:spruce_trapdoor":2,"minecraft:grass_block":103,"minecraft:jungle_planks":5,"minecraft:jungle_log":2,"minecraft:sandstone":5,"minecraft:spawner":1,"minecraft:hay_block":143,"minecraft:furnace":1,"minecraft:iron_ore":26,"minecraft:andesite":22,"minecraft:pumpkin":4,"minecraft:bell":1,"minecraft:bookshelf":8,"minecraft:water_cauldron":2,"minecraft:dirt_path":57,"minecraft:stone":333,"minecraft:spruce_slab":4,"minecraft:jungle_trapdoor":1,"minecraft:smithing_table":1,"minecraft:red_bed":8,"minecraft:smoker":1,"minecraft:dandelion":1,"minecraft:clay":1,"minecraft:crafting_table":3,"minecraft:torch":3,"minecraft:melon":1,"minecraft:chest":2,"minecraft:dead_bush":2,"minecraft:lectern":1,"minecraft:tall_grass":23,"minecraft:copper_ore":3,"minecraft:cobblestone":22,"minecraft:lapis_ore":6,"minecraft:grindstone":1,"minecraft:oak_planks":1,"minecraft:sugar_cane":4,"minecraft:diorite":8,"minecraft:spruce_stairs":2,"minecraft:light_gray_candle":1,"minecraft:wheat":2,"minecraft:brown_wall_banner":2,"minecraft:birch_leaves":4,"minecraft:yellow_bed":1,"minecraft:smooth_stone_slab":2,"minecraft:grass":90,"minecraft:oak_log":54,"minecraft:coal_ore":61,"minecraft:gravel":1,"minecraft:sand":16,"minecraft:dirt":77,"minecraft:cobweb":17,"minecraft:stonecutter":2,"minecraft:netherrack":3,"minecraft:oak_leaves":13},"minecraft:dropped":{"minecraft:porkchop":2,"minecraft:wheat_seeds":27,"minecraft:dirt":1,"minecraft:diorite":4,"minecraft:sand":14,"minecraft:dandelion":1,"minecraft:kelp":6,"minecraft:andesite":1,"minecraft:oak_sapling":5,"minecraft:bamboo":9,"minecraft:sandstone":2,"minecraft:wooden_pickaxe":1,"minecraft:netherrack":3},"minecraft:killed_by":{"minecraft:vindicator":1}},"DataVersion":3465}