{"stats":{"minecraft:used":{"minecraft:stone_sword":10,"minecraft:wooden_pickaxe":22,"minecraft:stone_axe":9,"minecraft:dirt":1,"minecraft:crafting_table":1,"alexsmobs:animal_dictionary":1},"minecraft:picked_up":{"minecraft:crafting_table":1,"minecraft:leather":1,"minecraft:porkchop":6,"minecraft:flint":1,"minecraft:oak_log":11,"minecraft:dirt":20,"minecraft:apple":1,"minecraft:beef":3,"minecraft:oak_sapling":5,"minecraft:cobblestone":22},"minecraft:custom":{"minecraft:time_since_rest":5563,"minecraft:sprint_one_cm":11115,"minecraft:walk_one_cm":11904,"minecraft:mob_kills":5,"minecraft:drop":6,"minecraft:damage_dealt":500,"minecraft:interact_with_crafting_table":2,"minecraft:fly_one_cm":10634,"minecraft:play_time":5563,"minecraft:jump":58,"minecraft:time_since_death":5563,"minecraft:walk_on_water_one_cm":186,"minecraft:total_world_time":5563,"minecraft:fall_one_cm":1314},"minecraft:dropped":{"minecraft:oak_sapling":5,"minecraft:wooden_pickaxe":1},"minecraft:crafted":{"minecraft:oak_planks":12,"minecraft:crafting_table":1,"minecraft:stick":8,"minecraft:wooden_pickaxe":1,"minecraft:stone_pickaxe":1,"minecraft:stone_sword":1,"minecraft:stone_axe":1},"minecraft:killed":{"minecraft:pig":3,"minecraft:cow":2},"minecraft:mined":{"minecraft:crafting_table":1,"minecraft:grass":5,"minecraft:grass_block":6,"minecraft:oak_log":11,"minecraft:dirt":14,"minecraft:gravel":1,"minecraft:tall_grass":5,"minecraft:stone":22,"minecraft:oak_leaves":3}},"DataVersion":3465}