{"stats":{"minecraft:used":{"minecraft:apple":1,"minecraft:stone_sword":22,"minecraft:stone_pickaxe":117,"minecraft:wooden_pickaxe":22,"minecraft:torch":1,"minecraft:stone_axe":34,"minecraft:cobblestone":23,"minecraft:dirt":20,"minecraft:crafting_table":2,"minecraft:furnace":1,"minecraft:campfire":1,"alexsmobs:animal_dictionary":1},"minecraft:picked_up":{"minecraft:raw_iron":14,"minecraft:crafting_table":1,"minecraft:cooked_beef":4,"minecraft:andesite":1,"minecraft:jungle_log":2,"minecraft:leather":3,"minecraft:spruce_stairs":2,"minecraft:jungle_planks":5,"minecraft:porkchop":14,"minecraft:flint":1,"minecraft:oak_log":11,"minecraft:diorite":4,"minecraft:jungle_trapdoor":1,"minecraft:dirt":22,"minecraft:raw_copper":11,"minecraft:apple":1,"minecraft:spruce_planks":7,"minecraft:beef":7,"minecraft:spruce_slab":3,"minecraft:oak_sapling":5,"minecraft:coal":36,"minecraft:chest":2,"minecraft:spruce_trapdoor":2,"minecraft:cobblestone":79},"minecraft:custom":{"minecraft:time_since_rest":17563,"minecraft:interact_with_furnace":1,"minecraft:sprint_one_cm":28760,"minecraft:damage_taken":20,"minecraft:walk_one_cm":32732,"minecraft:mob_kills":11,"minecraft:drop":6,"minecraft:damage_dealt":1100,"minecraft:swim_one_cm":631,"minecraft:interact_with_crafting_table":5,"minecraft:fly_one_cm":24003,"minecraft:open_chest":2,"minecraft:crouch_one_cm":4334,"minecraft:play_time":17563,"minecraft:interact_with_campfire":8,"minecraft:sneak_time":2605,"minecraft:walk_under_water_one_cm":5072,"minecraft:jump":149,"minecraft:time_since_death":17563,"minecraft:walk_on_water_one_cm":1407,"minecraft:total_world_time":17563,"minecraft:fall_one_cm":4366},"minecraft:dropped":{"minecraft:oak_sapling":5,"minecraft:wooden_pickaxe":1},"minecraft:crafted":{"minecraft:oak_planks":20,"minecraft:shield":1,"minecraft:crafting_table":1,"minecraft:stick":24,"minecraft:wooden_pickaxe":1,"minecraft:stone_pickaxe":1,"minecraft:stone_sword":1,"minecraft:furnace":1,"minecraft:torch":4,"minecraft:campfire":1,"minecraft:stone_axe":1},"minecraft:killed":{"minecraft:pig":7,"minecraft:cow":4},"minecraft:mined":{"minecraft:spruce_stairs":2,"minecraft:spruce_planks":7,"minecraft:iron_ore":14,"minecraft:andesite":1,"minecraft:spruce_trapdoor":2,"minecraft:crafting_table":1,"minecraft:grass":5,"minecraft:coal_ore":36,"minecraft:grass_block":6,"minecraft:oak_log":11,"minecraft:jungle_planks":5,"minecraft:chest":2,"minecraft:jungle_log":2,"minecraft:dirt":16,"minecraft:gravel":1,"minecraft:copper_ore":3,"minecraft:tall_grass":5,"minecraft:stone":79,"minecraft:diorite":4,"minecraft:oak_leaves":3,"minecraft:spruce_slab":4,"minecraft:jungle_trapdoor":1}},"DataVersion":3465}